Name,Pos,Team,Salary,My_Proj,Source,ML_Prediction,PPG_Projection,Prob_Over_5,Prob_Over_10,Prob_Over_15,Prob_Over_20,Prob_Over_25,Prob_Over_30,Prob_Over_35,Prob_Over_40,Prob_Over_45,Prob_Over_50
Jordan Westburg,2B,BAL,3700,24.892300712718527,ML_Model,24.892300712718527,7.6,99.4%,96.9%,89.2%,73.0%,49.5%,26.2%,10.3%,2.9%,0.6%,0.1%
James Wood,OF,WAS,6300,24.195405781638847,ML_Model,24.195405781638847,10.1,99.2%,96.2%,87.5%,70.0%,46.0%,23.4%,8.8%,2.4%,0.5%,0.1%
Davis Schneider,2B,TOR,2400,20.73979523310117,ML_Model,20.73979523310117,1.6,97.5%,91.0%,76.3%,53.7%,29.7%,12.4%,3.7%,0.8%,0.1%,0.0%
Trent Grisham,OF,NYY,4200,18.70422191652611,ML_Model,18.70422191652611,8.2,95.7%,86.2%,67.8%,43.6%,21.6%,7.9%,2.1%,0.4%,0.1%,0.0%
Wilyer Abreu,OF,BOS,4400,18.678287610514506,ML_Model,18.678287610514506,1.0,95.6%,86.1%,67.7%,43.4%,21.5%,7.9%,2.1%,0.4%,0.1%,0.0%
Alex Call,OF,WAS,3100,17.667018434081456,ML_Model,17.667018434081456,0.6,94.3%,83.1%,63.1%,38.5%,18.0%,6.2%,1.5%,0.3%,0.0%,0.0%
Addison Barger,3B,TOR,3900,16.92530187830643,ML_Model,16.92530187830643,9.7,93.2%,80.7%,59.5%,35.0%,15.6%,5.1%,1.2%,0.2%,0.0%,0.0%
Kyle Stowers,OF,MIA,4900,16.799387006152543,ML_Model,16.799387006152543,7.6,93.0%,80.2%,58.9%,34.5%,15.3%,4.9%,1.1%,0.2%,0.0%,0.0%
Max Scherzer,P,TOR,7500,16.7,PPG_Projection,16.7,16.7,,,,,,,,,,
Aaron Judge,OF,NYY,6600,16.688306703235284,ML_Model,16.688306703235284,12.7,92.8%,79.8%,58.4%,33.9%,14.9%,4.8%,1.1%,0.2%,0.0%,0.0%
Carlos Rodon,P,NYY,10000,16.5,PPG_Projection,16.5,16.5,,,,,,,,,,
Pete Crow-Armstrong,OF,CHC,5500,16.11851194573886,ML_Model,16.11851194573886,10.1,91.8%,77.8%,55.6%,31.4%,13.3%,4.1%,0.9%,0.1%,0.0%,0.0%
Michael Busch,1B,CHC,4400,16.09139675919573,ML_Model,16.09139675919573,1.0,91.7%,77.7%,55.4%,31.3%,13.3%,4.1%,0.9%,0.1%,0.0%,0.0%
Ranger Suarez,P,PHI,9700,15.7,PPG_Projection,15.7,15.7,,,,,,,,,,
Joey Ortiz,SS,MIL,2900,15.327646146227416,ML_Model,15.327646146227416,6.7,90.2%,74.7%,51.6%,28.0%,11.3%,3.3%,0.7%,0.1%,0.0%,0.0%
Seiya Suzuki,OF,CHC,5200,14.969783100653334,ML_Model,14.969783100653334,9.6,89.4%,73.3%,49.8%,26.5%,10.5%,3.0%,0.6%,0.1%,0.0%,0.0%
Matt Olson,1B,ATL,5000,14.90309898989473,ML_Model,14.90309898989473,9.1,89.2%,73.0%,49.5%,26.2%,10.3%,3.0%,0.6%,0.1%,0.0%,0.0%
Taj Bradley,P,TB,7700,14.2,PPG_Projection,14.2,14.2,,,,,,,,,,
Juan Soto,OF,NYM,5800,14.05495043087718,ML_Model,14.05495043087718,10.2,87.1%,69.4%,45.3%,22.9%,8.6%,2.3%,0.4%,0.1%,0.0%,0.0%
Jackson Chourio,OF,MIL,4900,13.968532459992844,ML_Model,13.968532459992844,10.2,86.9%,69.0%,44.9%,22.5%,8.4%,2.3%,0.4%,0.1%,0.0%,0.0%
Nick Lodolo,P,CIN,8400,13.7,PPG_Projection,13.7,13.7,,,,,,,,,,
Chad Patrick,P,MIL,9200,13.3,PPG_Projection,13.3,13.3,,,,,,,,,,
Jeff McNeil,2B,NYM,3300,12.775881543260065,ML_Model,12.775881543260065,6.4,83.4%,63.6%,39.1%,18.3%,6.3%,1.6%,0.3%,0.0%,0.0%,0.0%
Mitchell Parker,P,WAS,7000,12.7,PPG_Projection,12.7,12.7,,,,,,,,,,
Frankie Montas,P,NYM,6900,12.7,PPG_Projection,12.7,12.7,,,,,,,,,,
Alek Thomas,OF,ARI,2700,12.653215379359702,ML_Model,12.653215379359702,6.9,83.1%,63.0%,38.5%,17.9%,6.1%,1.5%,0.3%,0.0%,0.0%,0.0%
Dean Kremer,P,BAL,7200,12.4,PPG_Projection,12.4,12.4,,,,,,,,,,
Matthew Liberatore,P,STL,8200,12.4,PPG_Projection,12.4,12.4,,,,,,,,,,
Josh Lowe,OF,TB,5000,12.363186661841688,ML_Model,12.363186661841688,10.4,82.1%,61.6%,37.1%,17.0%,5.7%,1.4%,0.2%,0.0%,0.0%,0.0%
Travis Adams,P,MIN,4000,12.3,PPG_Projection,12.3,12.3,,,,,,,,,,
Michael Wacha,P,KC,7900,12.2,PPG_Projection,12.2,12.2,,,,,,,,,,
Caleb Durbin,3B,MIL,3100,12.111762091615889,ML_Model,12.111762091615889,7.4,81.3%,60.4%,35.9%,16.2%,5.4%,1.3%,0.2%,0.0%,0.0%,0.0%
Bobby Witt Jr.,SS,KC,5400,12.036320738220688,ML_Model,12.036320738220688,12.5,81.0%,60.0%,35.6%,16.0%,5.3%,1.2%,0.2%,0.0%,0.0%,0.0%
Walker Buehler,P,BOS,6400,11.7,PPG_Projection,11.7,11.7,,,,,,,,,,
Sal Frelick,OF,MIL,4300,11.56983890697931,ML_Model,11.56983890697931,8.8,79.4%,57.8%,33.4%,14.6%,4.7%,1.1%,0.2%,0.0%,0.0%,0.0%
Ryne Nelson,P,ARI,7300,11.5,PPG_Projection,11.5,11.5,,,,,,,,,,
Connor Norby,3B,MIA,3700,11.48668479112557,ML_Model,11.48668479112557,6.3,79.1%,57.4%,33.0%,14.4%,4.6%,1.0%,0.2%,0.0%,0.0%,0.0%
Jo Adell,OF,LAA,4000,11.27650246802629,ML_Model,11.27650246802629,9.5,78.4%,56.3%,32.1%,13.8%,4.3%,1.0%,0.2%,0.0%,0.0%,0.0%
George Springer,OF,TOR,4800,11.247474887341816,ML_Model,11.247474887341816,9.1,78.3%,56.2%,32.0%,13.7%,4.3%,1.0%,0.1%,0.0%,0.0%,0.0%
Trevor Story,SS,BOS,3900,11.179334419528663,ML_Model,11.179334419528663,9.6,78.0%,55.9%,31.6%,13.5%,4.2%,0.9%,0.1%,0.0%,0.0%,0.0%
Gunnar Henderson,SS,BAL,4200,11.001116021066228,ML_Model,11.001116021066228,7.6,77.3%,55.0%,30.9%,13.0%,4.0%,0.9%,0.1%,0.0%,0.0%,0.0%
Matt Wallner,OF,MIN,3400,10.834951727545125,ML_Model,10.834951727545125,7.3,76.7%,54.2%,30.1%,12.6%,3.8%,0.8%,0.1%,0.0%,0.0%,0.0%
Matt McLain,2B,CIN,4100,10.834223628630903,ML_Model,10.834223628630903,8.2,76.7%,54.2%,30.1%,12.6%,3.8%,0.8%,0.1%,0.0%,0.0%,0.0%
Nolan Arenado,3B,STL,4500,10.794584096698951,ML_Model,10.794584096698951,7.2,76.6%,54.0%,30.0%,12.5%,3.8%,0.8%,0.1%,0.0%,0.0%,0.0%
Vinnie Pasquantino,1B,KC,4200,10.720545188397372,ML_Model,10.720545188397372,7.9,76.3%,53.6%,29.6%,12.3%,3.7%,0.8%,0.1%,0.0%,0.0%,0.0%
Geraldo Perdomo,SS,ARI,4400,10.715757703951317,ML_Model,10.715757703951317,8.9,76.3%,53.6%,29.6%,12.3%,3.7%,0.8%,0.1%,0.0%,0.0%,0.0%
Ceddanne Rafaela,OF,BOS,3400,10.708800708930935,ML_Model,10.708800708930935,8.7,76.2%,53.5%,29.6%,12.3%,3.7%,0.8%,0.1%,0.0%,0.0%,0.0%
Giancarlo Stanton,OF,NYY,3300,10.321130807619609,ML_Model,10.321130807619609,7.5,74.7%,51.6%,27.9%,11.3%,3.3%,0.7%,0.1%,0.0%,0.0%,0.0%
Nathan Lukes,OF,TOR,3000,10.273344279561382,ML_Model,10.273344279561382,7.5,74.5%,51.4%,27.7%,11.2%,3.3%,0.7%,0.1%,0.0%,0.0%,0.0%
Daylen Lile,OF,WAS,3000,10.190930213871184,ML_Model,10.190930213871184,6.8,74.2%,51.0%,27.4%,11.0%,3.2%,0.7%,0.1%,0.0%,0.0%,0.0%
Nick Castellanos,OF,PHI,4300,10.16451905474124,ML_Model,10.16451905474124,8.0,74.1%,50.8%,27.3%,10.9%,3.2%,0.7%,0.1%,0.0%,0.0%,0.0%
Carlos Correa,SS,MIN,3300,10.056268831975483,ML_Model,10.056268831975483,7.5,73.6%,50.3%,26.8%,10.7%,3.1%,0.6%,0.1%,0.0%,0.0%,0.0%
Kyle Schwarber,OF,PHI,5600,9.97486344809052,ML_Model,9.97486344809052,9.4,73.3%,49.9%,26.5%,10.5%,3.0%,0.6%,0.1%,0.0%,0.0%,0.0%
Eugenio Suarez,3B,ARI,4900,9.9,PPG_Projection,9.9,9.9,,,,,,,,,,
Francisco Lindor,SS,NYM,5400,9.715876380008076,ML_Model,9.715876380008076,8.9,72.2%,48.6%,25.4%,9.9%,2.8%,0.6%,0.1%,0.0%,0.0%,0.0%
CJ Abrams,SS,WAS,5500,9.56139064536054,ML_Model,9.56139064536054,10.9,71.6%,47.8%,24.8%,9.6%,2.7%,0.5%,0.1%,0.0%,0.0%,0.0%
Jarren Duran,OF,BOS,4700,9.55860839190838,ML_Model,9.55860839190838,7.6,71.6%,47.8%,24.8%,9.6%,2.7%,0.5%,0.1%,0.0%,0.0%,0.0%
Jurickson Profar,OF,ATL,3400,9.429286816147131,ML_Model,9.429286816147131,7.2,71.0%,47.2%,24.3%,9.3%,2.6%,0.5%,0.1%,0.0%,0.0%,0.0%
Marcell Ozuna,OF,ATL,3800,9.409570647244758,ML_Model,9.409570647244758,7.5,70.9%,47.1%,24.2%,9.3%,2.6%,0.5%,0.1%,0.0%,0.0%,0.0%
Jake Mangum,OF,TB,4200,9.400710054984913,ML_Model,9.400710054984913,7.9,70.9%,47.0%,24.2%,9.3%,2.6%,0.5%,0.1%,0.0%,0.0%,0.0%
Lourdes Gurriel Jr.,OF,ARI,4000,9.371810144320362,ML_Model,9.371810144320362,7.1,70.8%,46.9%,24.1%,9.2%,2.5%,0.5%,0.1%,0.0%,0.0%,0.0%
Jake McCarthy,OF,ARI,2500,9.307189831519564,ML_Model,9.307189831519564,7.4,70.5%,46.5%,23.8%,9.1%,2.5%,0.5%,0.1%,0.0%,0.0%,0.0%
Drake Baldwin,C,ATL,3900,9.300916084068865,ML_Model,9.300916084068865,7.6,70.5%,46.5%,23.8%,9.1%,2.5%,0.5%,0.1%,0.0%,0.0%,0.0%
Jesus Sanchez,OF,MIA,3900,9.1,PPG_Projection,9.1,9.1,,,,,,,,,,
Trea Turner,SS,PHI,5700,9.085163077146252,ML_Model,9.085163077146252,9.5,69.5%,45.4%,23.0%,8.6%,2.3%,0.4%,0.1%,0.0%,0.0%,0.0%
Willi Castro,2B,MIN,3800,9.073829501958777,ML_Model,9.073829501958777,8.1,69.5%,45.4%,22.9%,8.6%,2.3%,0.4%,0.1%,0.0%,0.0%,0.0%
Brandon Nimmo,OF,NYM,4000,9.005497241784797,ML_Model,9.005497241784797,7.3,69.2%,45.1%,22.7%,8.5%,2.3%,0.4%,0.1%,0.0%,0.0%,0.0%
Brice Turang,2B,MIL,4500,9.001896069029927,ML_Model,9.001896069029927,8.7,69.2%,45.0%,22.7%,8.5%,2.3%,0.4%,0.1%,0.0%,0.0%,0.0%
Nathaniel Lowe,1B,WAS,3900,8.982738505092954,ML_Model,8.982738505092954,8.4,69.1%,44.9%,22.6%,8.4%,2.3%,0.4%,0.1%,0.0%,0.0%,0.0%
Tyler Stephenson,C,CIN,3700,8.915424630157698,ML_Model,8.915424630157698,7.1,68.8%,44.6%,22.3%,8.3%,2.2%,0.4%,0.1%,0.0%,0.0%,0.0%
Nolan Schanuel,1B,LAA,3900,8.873719034513218,ML_Model,8.873719034513218,7.8,68.6%,44.4%,22.2%,8.2%,2.2%,0.4%,0.1%,0.0%,0.0%,0.0%
Harrison Bader,OF,MIN,2700,8.774322284789353,ML_Model,8.774322284789353,5.0,68.1%,43.9%,21.8%,8.0%,2.1%,0.4%,0.1%,0.0%,0.0%,0.0%
Willson Contreras,1B,STL,4600,8.70478593153878,ML_Model,8.70478593153878,9.0,67.8%,43.6%,21.6%,7.9%,2.1%,0.4%,0.1%,0.0%,0.0%,0.0%
Carlos Narvaez,C,BOS,3500,8.7,PPG_Projection,8.7,8.7,,,,,,,,,,
Jordan Wicks,P,CHC,6700,8.7,PPG_Projection,8.7,8.7,,,,,,,,,,
Randal Grichuk,OF,ARI,2800,8.660802117364113,ML_Model,8.660802117364113,1.0,67.6%,43.4%,21.4%,7.8%,2.1%,0.4%,0.0%,0.0%,0.0%,0.0%
Paul DeJong,3B,WAS,2200,8.646002508220876,ML_Model,8.646002508220876,0.1,67.6%,43.3%,21.4%,7.8%,2.0%,0.4%,0.0%,0.0%,0.0%,0.0%
J.T. Realmuto,C,PHI,3600,8.645231263521723,ML_Model,8.645231263521723,7.2,67.6%,43.3%,21.3%,7.8%,2.0%,0.4%,0.0%,0.0%,0.0%,0.0%
Ronald Acuna Jr.,OF,ATL,6400,8.6,PPG_Projection,8.6,8.6,,,,,,,,,,
Jazz Chisholm Jr.,3B,NYY,5100,8.4048352637199,ML_Model,8.4048352637199,9.2,66.5%,42.1%,20.5%,7.4%,1.9%,0.3%,0.0%,0.0%,0.0%,0.0%
Cal Quantrill,P,MIA,6500,8.4,PPG_Projection,8.4,8.4,,,,,,,,,,
Austin Wells,C,NYY,3700,8.382073033409844,ML_Model,8.382073033409844,6.3,66.4%,42.0%,20.4%,7.3%,1.9%,0.3%,0.0%,0.0%,0.0%,0.0%
David Hamilton,2B,BOS,2700,8.342857167813593,ML_Model,8.342857167813593,5.3,66.2%,41.8%,20.3%,7.3%,1.9%,0.3%,0.0%,0.0%,0.0%,0.0%
Chandler Simpson,OF,TB,4500,8.341445598412758,ML_Model,8.341445598412758,9.3,66.2%,41.8%,20.3%,7.3%,1.9%,0.3%,0.0%,0.0%,0.0%,0.0%
Junior Caminero,3B,TB,5000,8.31169392245245,ML_Model,8.31169392245245,9.4,66.1%,41.6%,20.2%,7.2%,1.8%,0.3%,0.0%,0.0%,0.0%,0.0%
Christian Yelich,OF,MIL,4800,8.292695178838853,ML_Model,8.292695178838853,9.6,66.0%,41.6%,20.1%,7.2%,1.8%,0.3%,0.0%,0.0%,0.0%,0.0%
Taylor Ward,OF,LAA,4500,8.255711958608373,ML_Model,8.255711958608373,8.5,65.8%,41.4%,20.0%,7.1%,1.8%,0.3%,0.0%,0.0%,0.0%,0.0%
Salvador Perez,1B,KC,3400,8.25190586005911,ML_Model,8.25190586005911,7.4,65.8%,41.4%,19.9%,7.1%,1.8%,0.3%,0.0%,0.0%,0.0%,0.0%
Yandy Diaz,1B,TB,4600,8.2,PPG_Projection,8.2,8.2,,,,,,,,,,
Justin Turner,1B,CHC,2300,8.185000254648493,ML_Model,8.185000254648493,5.0,65.5%,41.0%,19.7%,7.0%,1.8%,0.3%,0.0%,0.0%,0.0%,0.0%
Byron Buxton,OF,MIN,6100,8.145120560416775,ML_Model,8.145120560416775,9.0,65.3%,40.8%,19.6%,6.9%,1.8%,0.3%,0.0%,0.0%,0.0%,0.0%
Starling Marte,OF,NYM,3700,8.034848585783875,ML_Model,8.034848585783875,7.2,64.8%,40.3%,19.2%,6.7%,1.7%,0.3%,0.0%,0.0%,0.0%,0.0%
Andres Gimenez,2B,TOR,3200,8.0,PPG_Projection,8.0,8.0,,,,,,,,,,
Ketel Marte,2B,ARI,6200,7.949980144347146,ML_Model,7.949980144347146,9.4,64.4%,39.9%,18.9%,6.6%,1.7%,0.3%,0.0%,0.0%,0.0%,0.0%
Michael Harris II,OF,ATL,3100,7.941822433676875,ML_Model,7.941822433676875,6.7,64.3%,39.8%,18.9%,6.6%,1.6%,0.3%,0.0%,0.0%,0.0%,0.0%
Brett Baty,2B,NYM,3400,7.919411040651039,ML_Model,7.919411040651039,6.2,64.2%,39.7%,18.8%,6.6%,1.6%,0.3%,0.0%,0.0%,0.0%,0.0%
Luis Garcia Jr.,2B,WAS,4600,7.9,PPG_Projection,7.9,7.9,,,,,,,,,,
Rhys Hoskins,1B,MIL,4100,7.893354675772455,ML_Model,7.893354675772455,6.4,64.1%,39.6%,18.7%,6.5%,1.6%,0.3%,0.0%,0.0%,0.0%,0.0%
TJ Friedl,OF,CIN,4000,7.885704370418235,ML_Model,7.885704370418235,7.5,64.1%,39.6%,18.7%,6.5%,1.6%,0.3%,0.0%,0.0%,0.0%,0.0%
Brandon Lowe,2B,TB,4800,7.865674943344591,ML_Model,7.865674943344591,9.4,64.0%,39.5%,18.6%,6.5%,1.6%,0.3%,0.0%,0.0%,0.0%,0.0%
Bryce Harper,1B,PHI,5200,7.85751362435063,ML_Model,7.85751362435063,9.5,64.0%,39.4%,18.6%,6.5%,1.6%,0.3%,0.0%,0.0%,0.0%,0.0%
Cody Bellinger,OF,NYY,4600,7.644159442253029,ML_Model,7.644159442253029,10.8,62.9%,38.4%,17.9%,6.1%,1.5%,0.3%,0.0%,0.0%,0.0%,0.0%
Agustin Ramirez,C,MIA,4200,7.6,PPG_Projection,7.6,7.6,,,,,,,,,,
Ozzie Albies,2B,ATL,3700,7.575350859622236,ML_Model,7.575350859622236,6.8,62.6%,38.1%,17.7%,6.0%,1.5%,0.3%,0.0%,0.0%,0.0%,0.0%
Spencer Steer,1B,CIN,3500,7.514654887795329,ML_Model,7.514654887795329,8.2,62.3%,37.8%,17.5%,5.9%,1.4%,0.2%,0.0%,0.0%,0.0%,0.0%
Ramon Laureano,OF,BAL,3900,7.5,PPG_Projection,7.5,7.5,,,,,,,,,,
Jack Kochanowicz,P,LAA,6700,7.5,PPG_Projection,7.5,7.5,,,,,,,,,,
Mike Trout,OF,LAA,5700,7.487957305357832,ML_Model,7.487957305357832,9.5,62.2%,37.7%,17.4%,5.9%,1.4%,0.2%,0.0%,0.0%,0.0%,0.0%
Elly De La Cruz,SS,CIN,5900,7.320974511059357,ML_Model,7.320974511059357,8.1,61.4%,36.9%,16.9%,5.6%,1.4%,0.2%,0.0%,0.0%,0.0%,0.0%
Ian Happ,OF,CHC,4100,7.1921342233082965,ML_Model,7.1921342233082965,6.8,60.8%,36.3%,16.5%,5.5%,1.3%,0.2%,0.0%,0.0%,0.0%,0.0%
Austin Hays,OF,CIN,4300,7.190520353639466,ML_Model,7.190520353639466,8.7,60.8%,36.3%,16.4%,5.5%,1.3%,0.2%,0.0%,0.0%,0.0%,0.0%
Xavier Edwards,2B,MIA,4300,7.08214560435813,ML_Model,7.08214560435813,9.8,60.3%,35.8%,16.1%,5.3%,1.3%,0.2%,0.0%,0.0%,0.0%,0.0%
William Contreras,C,MIL,4400,7.055433821012667,ML_Model,7.055433821012667,9.5,60.1%,35.6%,16.0%,5.3%,1.2%,0.2%,0.0%,0.0%,0.0%,0.0%
Abraham Toro,1B,BOS,3000,7.054442541899083,ML_Model,7.054442541899083,6.4,60.1%,35.6%,16.0%,5.3%,1.2%,0.2%,0.0%,0.0%,0.0%,0.0%
DJ LeMahieu,2B,NYY,2800,7.02939363504337,ML_Model,7.02939363504337,5.8,60.0%,35.5%,16.0%,5.2%,1.2%,0.2%,0.0%,0.0%,0.0%,0.0%
Tyler O'Neill,OF,BAL,3700,7.01098017985574,ML_Model,7.01098017985574,7.3,59.9%,35.4%,15.9%,5.2%,1.2%,0.2%,0.0%,0.0%,0.0%,0.0%
Riley Adams,C,WAS,2300,6.9761961424372,ML_Model,6.9761961424372,1.3,59.8%,35.3%,15.8%,5.2%,1.2%,0.2%,0.0%,0.0%,0.0%,0.0%
Freddy Fermin,C,KC,2200,6.835973898338653,ML_Model,6.835973898338653,4.5,59.1%,34.6%,15.4%,5.0%,1.2%,0.2%,0.0%,0.0%,0.0%,0.0%
Edmundo Sosa,2B,PHI,3100,6.8,PPG_Projection,6.8,6.8,,,,,,,,,,
Dansby Swanson,SS,CHC,4200,6.796786767352975,ML_Model,6.796786767352975,7.2,58.9%,34.4%,15.3%,4.9%,1.1%,0.2%,0.0%,0.0%,0.0%,0.0%
Marcelo Mayer,2B,BOS,2800,6.769645727115185,ML_Model,6.769645727115185,7.3,58.8%,34.3%,15.2%,4.9%,1.1%,0.2%,0.0%,0.0%,0.0%,0.0%
Roman Anthony,OF,BOS,4000,6.735526390723042,ML_Model,6.735526390723042,8.4,58.6%,34.2%,15.1%,4.9%,1.1%,0.2%,0.0%,0.0%,0.0%,0.0%
Brendan Donovan,2B,STL,4200,6.6782886101061045,ML_Model,6.6782886101061045,8.6,58.3%,33.9%,14.9%,4.8%,1.1%,0.2%,0.0%,0.0%,0.0%,0.0%
Mark Canha,OF,KC,2200,6.554644901589116,ML_Model,6.554644901589116,1.1,57.7%,33.3%,14.6%,4.6%,1.1%,0.2%,0.0%,0.0%,0.0%,0.0%
Jonathan India,2B,KC,3300,6.55174267588371,ML_Model,6.55174267588371,7.8,57.7%,33.3%,14.5%,4.6%,1.1%,0.2%,0.0%,0.0%,0.0%,0.0%
Paul Goldschmidt,1B,NYY,3800,6.527630898955865,ML_Model,6.527630898955865,7.4,57.6%,33.2%,14.5%,4.6%,1.0%,0.2%,0.0%,0.0%,0.0%,0.0%
Aaron Bummer,P,ATL,4000,6.5,PPG_Projection,6.5,6.5,,,,,,,,,,
Ha-Seong Kim,SS,TB,4200,6.5,PPG_Projection,6.5,6.5,,,,,,,,,,
Austin Riley,3B,ATL,4200,6.49341726704653,ML_Model,6.49341726704653,7.8,57.4%,33.1%,14.4%,4.6%,1.0%,0.2%,0.0%,0.0%,0.0%,0.0%
Alejandro Kirk,C,TOR,3800,6.454193420808878,ML_Model,6.454193420808878,7.5,57.2%,32.9%,14.3%,4.5%,1.0%,0.2%,0.0%,0.0%,0.0%,0.0%
Pete Alonso,1B,NYM,5300,6.423743227299861,ML_Model,6.423743227299861,8.8,57.1%,32.7%,14.2%,4.5%,1.0%,0.2%,0.0%,0.0%,0.0%,0.0%
Colton Cowser,OF,BAL,4100,6.423339506501477,ML_Model,6.423339506501477,6.8,57.1%,32.7%,14.2%,4.5%,1.0%,0.2%,0.0%,0.0%,0.0%,0.0%
Gary Sanchez,C,BAL,2800,6.4,PPG_Projection,6.4,6.4,,,,,,,,,,
Jorge Soler,OF,LAA,3100,6.309152962269047,ML_Model,6.309152962269047,5.6,56.5%,32.2%,13.9%,4.4%,1.0%,0.2%,0.0%,0.0%,0.0%,0.0%
Carson Kelly,C,CHC,3300,6.246607269891582,ML_Model,6.246607269891582,9.0,56.2%,31.9%,13.7%,4.3%,1.0%,0.1%,0.0%,0.0%,0.0%,0.0%
Mark Vientos,3B,NYM,3200,6.2,PPG_Projection,6.2,6.2,,,,,,,,,,
Will Wagner,1B,TOR,2100,6.17635867448673,ML_Model,6.17635867448673,4.4,55.8%,31.6%,13.5%,4.2%,0.9%,0.1%,0.0%,0.0%,0.0%,0.0%
Amed Rosario,2B,WAS,3500,6.046875342996754,ML_Model,6.046875342996754,4.3,55.2%,31.1%,13.2%,4.1%,0.9%,0.1%,0.0%,0.0%,0.0%,0.0%
Josh Bell,1B,WAS,3200,6.018236851348587,ML_Model,6.018236851348587,7.6,55.1%,30.9%,13.1%,4.0%,0.9%,0.1%,0.0%,0.0%,0.0%,0.0%
Pedro Pages,C,STL,3100,6.0,PPG_Projection,6.0,6.0,,,,,,,,,,
Lars Nootbaar,OF,STL,4100,5.92721544116191,ML_Model,5.92721544116191,7.6,54.6%,30.5%,12.8%,3.9%,0.9%,0.1%,0.0%,0.0%,0.0%,0.0%
Alec Bohm,3B,PHI,4200,5.910777934145333,ML_Model,5.910777934145333,7.8,54.5%,30.5%,12.8%,3.9%,0.9%,0.1%,0.0%,0.0%,0.0%,0.0%
Johan Rojas,OF,PHI,3000,5.9,PPG_Projection,5.9,5.9,,,,,,,,,,
Kyle Tucker,OF,CHC,6000,5.86416510216076,ML_Model,5.86416510216076,9.8,54.3%,30.3%,12.7%,3.9%,0.8%,0.1%,0.0%,0.0%,0.0%,0.0%
Jacob Young,OF,WAS,2400,5.853794299525237,ML_Model,5.853794299525237,6.1,54.2%,30.2%,12.6%,3.9%,0.8%,0.1%,0.0%,0.0%,0.0%,0.0%
Zach Neto,SS,LAA,5100,5.639870216582152,ML_Model,5.639870216582152,9.1,53.2%,29.3%,12.1%,3.6%,0.8%,0.1%,0.0%,0.0%,0.0%,0.0%
Rob Refsnyder,OF,BOS,3800,5.499163994690013,ML_Model,5.499163994690013,4.5,52.5%,28.7%,11.7%,3.5%,0.7%,0.1%,0.0%,0.0%,0.0%,0.0%
Luis Torrens,C,NYM,2500,5.449288365635282,ML_Model,5.449288365635282,5.8,52.2%,28.5%,11.6%,3.4%,0.7%,0.1%,0.0%,0.0%,0.0%,0.0%
Kevin Newman,3B,LAA,2100,5.4,PPG_Projection,5.4,5.4,,,,,,,,,,
Bo Bichette,SS,TOR,4200,5.399445813480263,ML_Model,5.399445813480263,8.3,52.0%,28.3%,11.5%,3.4%,0.7%,0.1%,0.0%,0.0%,0.0%,0.0%
Josh Naylor,1B,ARI,4500,5.261358089902263,ML_Model,5.261358089902263,8.6,51.3%,27.7%,11.2%,3.3%,0.7%,0.1%,0.0%,0.0%,0.0%,0.0%
Alec Burleson,OF,STL,4000,5.25615789497378,ML_Model,5.25615789497378,8.0,51.3%,27.7%,11.2%,3.3%,0.7%,0.1%,0.0%,0.0%,0.0%,0.0%
Santiago Espinal,3B,CIN,2500,5.113490953720621,ML_Model,5.113490953720621,5.8,50.6%,27.1%,10.8%,3.1%,0.6%,0.1%,0.0%,0.0%,0.0%,0.0%
Ernie Clement,3B,TOR,3300,4.914834117757781,ML_Model,4.914834117757781,6.5,49.6%,26.3%,10.4%,3.0%,0.6%,0.1%,0.0%,0.0%,0.0%,0.0%
Otto Lopez,SS,MIA,3800,4.878494851054197,ML_Model,4.878494851054197,7.8,49.4%,26.1%,10.3%,2.9%,0.6%,0.1%,0.0%,0.0%,0.0%,0.0%
Romy Gonzalez,1B,BOS,4200,4.842964651777139,ML_Model,4.842964651777139,8.0,49.2%,26.0%,10.2%,2.9%,0.6%,0.1%,0.0%,0.0%,0.0%,0.0%
Ryan O'Hearn,1B,BAL,4000,4.842617055258327,ML_Model,4.842617055258327,6.4,49.2%,26.0%,10.2%,2.9%,0.6%,0.1%,0.0%,0.0%,0.0%,0.0%
Blaze Alexander,2B,ARI,2300,4.65049692352847,ML_Model,4.65049692352847,1.8,48.3%,25.2%,9.8%,2.8%,0.5%,0.1%,0.0%,0.0%,0.0%,0.0%
Kristian Campbell,2B,BOS,2800,4.6,PPG_Projection,4.6,4.6,,,,,,,,,,
Keibert Ruiz,C,WAS,3400,4.554142096199389,ML_Model,4.554142096199389,5.4,47.8%,24.8%,9.6%,2.7%,0.5%,0.1%,0.0%,0.0%,0.0%,0.0%
Otto Kemp,1B,PHI,3700,4.363231076103734,ML_Model,4.363231076103734,6.5,46.8%,24.1%,9.2%,2.5%,0.5%,0.1%,0.0%,0.0%,0.0%,0.0%
Cedric Mullins,OF,BAL,3500,4.324274146496758,ML_Model,4.324274146496758,6.4,46.6%,23.9%,9.1%,2.5%,0.5%,0.1%,0.0%,0.0%,0.0%,0.0%
Royce Lewis,3B,MIN,2800,4.274445162098927,ML_Model,4.274445162098927,6.8,46.4%,23.7%,9.0%,2.5%,0.5%,0.1%,0.0%,0.0%,0.0%,0.0%
Ronny Mauricio,2B,NYM,2700,4.235612434859835,ML_Model,4.235612434859835,3.7,46.2%,23.6%,8.9%,2.4%,0.5%,0.1%,0.0%,0.0%,0.0%,0.0%
Isaac Collins,OF,MIL,3300,4.234657414358317,ML_Model,4.234657414358317,7.5,46.2%,23.6%,8.9%,2.4%,0.5%,0.1%,0.0%,0.0%,0.0%,0.0%
Tyler Heineman,C,TOR,4200,4.199301319092612,ML_Model,4.199301319092612,3.0,46.0%,23.4%,8.8%,2.4%,0.5%,0.1%,0.0%,0.0%,0.0%,0.0%
Anthony Volpe,SS,NYY,3900,4.12097755533195,ML_Model,4.12097755533195,6.9,45.6%,23.1%,8.7%,2.4%,0.5%,0.1%,0.0%,0.0%,0.0%,0.0%
John Rave,OF,KC,2100,4.111455608614355,ML_Model,4.111455608614355,5.9,45.6%,23.1%,8.7%,2.4%,0.5%,0.1%,0.0%,0.0%,0.0%,0.0%
Nick Loftin,2B,KC,2900,4.055357170282925,ML_Model,4.055357170282925,5.3,45.3%,22.9%,8.6%,2.3%,0.4%,0.1%,0.0%,0.0%,0.0%,0.0%
Darren Baker,2B,WAS,2100,3.9,PPG_Projection,3.9,3.9,,,,,,,,,,
Eric Wagaman,1B,MIA,3300,3.892429963303285,ML_Model,3.892429963303285,5.7,44.5%,22.3%,8.3%,2.2%,0.4%,0.1%,0.0%,0.0%,0.0%,0.0%
Maikel Garcia,3B,KC,4100,3.841741769030482,ML_Model,3.841741769030482,7.8,44.2%,22.1%,8.2%,2.2%,0.4%,0.1%,0.0%,0.0%,0.0%,0.0%
Drew Pomeranz,P,CHC,4000,3.8,PPG_Projection,3.8,3.8,,,,,,,,,,
Jackson Holliday,2B,BAL,3800,3.786600988395091,ML_Model,3.786600988395091,6.9,44.0%,21.9%,8.1%,2.1%,0.4%,0.1%,0.0%,0.0%,0.0%,0.0%
Noelvi Marte,3B,CIN,3700,3.733122151377235,ML_Model,3.733122151377235,7.0,43.7%,21.7%,8.0%,2.1%,0.4%,0.1%,0.0%,0.0%,0.0%,0.0%
Brady House,3B,WAS,2900,3.719379175713988,ML_Model,3.719379175713988,5.9,43.6%,21.6%,7.9%,2.1%,0.4%,0.1%,0.0%,0.0%,0.0%,0.0%
Dane Myers,OF,MIA,3200,3.692096985709054,ML_Model,3.692096985709054,6.0,43.5%,21.5%,7.9%,2.1%,0.4%,0.1%,0.0%,0.0%,0.0%,0.0%
Myles Straw,OF,TOR,2300,3.659867320144584,ML_Model,3.659867320144584,5.4,43.3%,21.4%,7.8%,2.1%,0.4%,0.0%,0.0%,0.0%,0.0%,0.0%
Luis Rengifo,3B,LAA,3000,3.657523887356567,ML_Model,3.657523887356567,6.4,43.3%,21.4%,7.8%,2.1%,0.4%,0.0%,0.0%,0.0%,0.0%,0.0%
Logan O'Hoppe,C,LAA,3700,3.646026394501013,ML_Model,3.646026394501013,6.7,43.3%,21.4%,7.8%,2.0%,0.4%,0.0%,0.0%,0.0%,0.0%,0.0%
Brooks Lee,2B,MIN,3000,3.522705963853784,ML_Model,3.522705963853784,6.9,42.7%,20.9%,7.6%,2.0%,0.4%,0.0%,0.0%,0.0%,0.0%,0.0%
Nick Allen,SS,ATL,2300,3.2840274946070185,ML_Model,3.2840274946070185,4.4,41.5%,20.1%,7.2%,1.8%,0.3%,0.0%,0.0%,0.0%,0.0%,0.0%
Tyrone Taylor,OF,NYM,3000,3.234179540433884,ML_Model,3.234179540433884,5.1,41.3%,19.9%,7.1%,1.8%,0.3%,0.0%,0.0%,0.0%,0.0%,0.0%
Victor Scott II,OF,STL,3300,3.207951431495926,ML_Model,3.207951431495926,6.1,41.1%,19.8%,7.0%,1.8%,0.3%,0.0%,0.0%,0.0%,0.0%,0.0%
Ryan Jeffers,C,MIN,3000,3.1763662059049462,ML_Model,3.1763662059049462,5.7,41.0%,19.7%,7.0%,1.8%,0.3%,0.0%,0.0%,0.0%,0.0%,0.0%
Tim Tawa,1B,ARI,3300,3.159856045427807,ML_Model,3.159856045427807,1.4,40.9%,19.6%,6.9%,1.8%,0.3%,0.0%,0.0%,0.0%,0.0%,0.0%
Trevor Larnach,OF,MIN,4000,3.0974556648251808,ML_Model,3.0974556648251808,7.5,40.6%,19.4%,6.8%,1.7%,0.3%,0.0%,0.0%,0.0%,0.0%,0.0%
Matt Shaw,3B,CHC,3400,3.0577544708211373,ML_Model,3.0577544708211373,6.0,40.4%,19.3%,6.8%,1.7%,0.3%,0.0%,0.0%,0.0%,0.0%,0.0%
Jac Caglianone,OF,KC,2500,3.0400240362614674,ML_Model,3.0400240362614674,6.4,40.3%,19.2%,6.7%,1.7%,0.3%,0.0%,0.0%,0.0%,0.0%,0.0%
Ty France,1B,MIN,3300,2.940218811402021,ML_Model,2.940218811402021,5.2,39.8%,18.9%,6.6%,1.6%,0.3%,0.0%,0.0%,0.0%,0.0%,0.0%
Nico Hoerner,2B,CHC,4000,2.915965070086958,ML_Model,2.915965070086958,6.8,39.7%,18.8%,6.5%,1.6%,0.3%,0.0%,0.0%,0.0%,0.0%,0.0%
Jose Herrera,C,ARI,2400,2.855113066806822,ML_Model,2.855113066806822,4.4,39.4%,18.6%,6.4%,1.6%,0.3%,0.0%,0.0%,0.0%,0.0%,0.0%
Pavin Smith,1B,ARI,3500,2.8480157047473584,ML_Model,2.8480157047473584,6.7,39.4%,18.6%,6.4%,1.6%,0.3%,0.0%,0.0%,0.0%,0.0%,0.0%
Jonathan Aranda,1B,TB,4500,2.837240340931724,ML_Model,2.837240340931724,9.3,39.3%,18.5%,6.4%,1.6%,0.3%,0.0%,0.0%,0.0%,0.0%,0.0%
Liam Hicks,1B,MIA,3600,2.8337133626766766,ML_Model,2.8337133626766766,4.4,39.3%,18.5%,6.4%,1.6%,0.3%,0.0%,0.0%,0.0%,0.0%,0.0%
Nolan Gorman,3B,STL,3700,2.832524620214718,ML_Model,2.832524620214718,7.9,39.3%,18.5%,6.4%,1.6%,0.3%,0.0%,0.0%,0.0%,0.0%,0.0%
Nick Fortes,C,MIA,2200,2.8,PPG_Projection,2.8,2.8,,,,,,,,,,
Andres Chaparro,1B,WAS,2300,2.8,PPG_Projection,2.8,2.8,,,,,,,,,,
Connor Wong,C,BOS,2100,2.7943996655857566,ML_Model,2.7943996655857566,3.1,39.1%,18.4%,6.4%,1.6%,0.3%,0.0%,0.0%,0.0%,0.0%,0.0%
Masyn Winn,SS,STL,3900,2.613569794653281,ML_Model,2.613569794653281,9.2,38.3%,17.8%,6.1%,1.5%,0.3%,0.0%,0.0%,0.0%,0.0%,0.0%
Robert Hassell III,OF,WAS,3000,2.6,PPG_Projection,2.6,2.6,,,,,,,,,,
J.C. Escarra,C,NYY,2600,2.4954795396938017,ML_Model,2.4954795396938017,3.9,37.7%,17.4%,5.9%,1.4%,0.2%,0.0%,0.0%,0.0%,0.0%,0.0%
Kyle Isbel,OF,KC,2400,2.173582504820273,ML_Model,2.173582504820273,6.6,36.2%,16.4%,5.4%,1.3%,0.2%,0.0%,0.0%,0.0%,0.0%,0.0%
Jose Tena,3B,WAS,3300,1.7,PPG_Projection,1.7,1.7,,,,,,,,,,
Rece Hinds,OF,CIN,3200,1.00084289572203,ML_Model,1.00084289572203,6.0,30.9%,13.0%,4.0%,0.9%,0.1%,0.0%,0.0%,0.0%,0.0%,0.0%
Jasson Dominguez,OF,NYY,3600,1.0,PPG_Projection,1.0,1.0,,,,,,,,,,
Danny Jansen,C,TB,3300,0.6851069309086495,ML_Model,0.6851069309086495,6.9,29.5%,12.2%,3.7%,0.8%,0.1%,0.0%,0.0%,0.0%,0.0%,0.0%
Drew Millas,C,WAS,2500,0.6,PPG_Projection,0.6,0.6,,,,,,,,,,
Nick Sogard,1B,BOS,2400,0.3,PPG_Projection,0.3,0.3,,,,,,,,,,
Vaughn Grissom,2B,BOS,2100,0.1,PPG_Projection,0.1,0.1,,,,,,,,,,
Jake Bauers,1B,MIL,2800,0.0,ML_Model,0.0,2.1,26.6%,10.6%,3.0%,0.6%,0.1%,0.0%,0.0%,0.0%,0.0%,0.0%
